"","degree","eigenvector","betweenness","closeness",""
"NIBAN2","176","0.00261353237951972","340.212498576283","0.000660501981505945","Module_1"
"CAPN1","178","0.00269939299370192","318.028062744356","0.000661375661375661","Module_1"
"INF2","181","0.00275396173217603","363.296412234458","0.000662690523525514","Module_1"
"MGAT4B","180","0.00275180812995281","343.60944250025","0.000662251655629139","Module_1"
"VPS28","172","0.00254401955178014","231.764818288017","0.000657462195923734","Module_1"
"FLOT2","168","0.00244828291809123","604.352528440187","0.000682128240109141","Module_1"
"FKBP8","165","0.002372342388351","641.891461081955","0.000677506775067751","Module_1"
"FAM3A","173","0.00253397107979483","737.480897055549","0.000687757909215956","Module_1"
"GNB2","166","0.00234315431737124","1666.73730639559","0.000677966101694915","Module_1"
"CDIPT","174","0.00261514346369836","253.002569256511","0.000659630606860158","Module_1"
"G6PD","172","0.00252234820537691","252.951585980264","0.000657030223390276","Module_1"
"METRN","163","0.00235676637376697","189.651233166946","0.000647249190938511","Module_1"
"RNPEPL1","177","0.00266642663026009","323.613583345668","0.000660938532716457","Module_1"
"EHD2","179","0.00279237271584747","489.77755883868","0.000675675675675676","Module_1"
"APRT","164","0.00236838924818473","548.674171372051","0.000677048070412999","Module_1"
"TSPAN4","178","0.00270373027922823","323.261324853946","0.000660938532716457","Module_1"
"FBXW5","163","0.00236267326934745","183.65241507114","0.000649350649350649","Module_1"
"PACS2","172","0.00253077841992314","255.688723067693","0.000657030223390276","Module_1"
"CAPG","165","0.00238782665646356","196.524003636418","0.000650195058517555","Module_1"
"TUBGCP2","168","0.0024416801463531","225.787539019619","0.000655307994757536","Module_1"
"MAPK3","178","0.00271534976322188","318.04853608841","0.000661375661375661","Module_1"
"BLVRB","168","0.00241805623782853","926.956626482833","0.000683060109289617","Module_1"
"SLC27A1","175","0.00263656397403599","270.012576863453","0.00066006600660066","Module_1"
"VAT1","173","0.00265249214356887","253.824581831576","0.000658761528326746","Module_1"
"GNAI2","164","0.00236778006050141","196.869668874555","0.000649772579597141","Module_1"
"IGFBP6","174","0.00261127104926509","261.130001784651","0.000659630606860158","Module_1"
"DBNL","172","0.00252225200284202","662.553647040171","0.000687285223367698","Module_1"
"PIP5K1C","177","0.00264147744785047","322.510502576907","0.000660938532716457","Module_1"
"SPON2","184","0.00286858797882717","405.963428093033","0.000664010624169987","Module_1"
"MVP","179","0.0027970635474966","481.228322894241","0.000675675675675676","Module_1"
"IFITM3","167","0.00242368106192862","208.435005719992","0.00065402223675605","Module_1"
"ERCC2","172","0.00252025305197141","272.020150001795","0.000657030223390276","Module_1"
"PGLS","163","0.00236267326934729","183.65241507114","0.000649350649350649","Module_1"
"LY6E","168","0.00246414168639155","1069.64599405762","0.000681663258350375","Module_1"
"NISCH","178","0.00270871401672321","304.677465191081","0.000661375661375661","Module_1"
"TGFB1I1","172","0.00253257736516482","253.343404883028","0.000657462195923734","Module_1"
"VEGFB","170","0.00248172398472457","231.357053418728","0.000656598818122127","Module_1"
"GSN","184","0.00291407177790082","535.393204306436","0.000677966101694915","Module_1"
"NPDC1","178","0.00272247666121131","317.353219907006","0.000660938532716457","Module_1"
"TSC2","169","0.00248480329796347","602.039075183129","0.000685400959561343","Module_1"
"FANCD2","200","0.975574332660403","898.288168039142","0.000700770847932726","Module_2"
"MAD2L1","194","0.968089097215343","407.162463006031","0.000697836706210747","Module_2"
"SMARCC1","201","0.963799043286784","1314.4950619473","0.000693481276005548","Module_2"
"CDK1","196","0.97994650789261","352.868255247324","0.000698812019566737","Module_2"
"UCHL5","201","0.999164885517587","522.702405317636","0.000702247191011236","Module_2"
"RRM2","192","0.966121656583946","246.888722435284","0.000696864111498258","Module_2"
"SKA3","191","0.950836696969493","424.83799598808","0.00068870523415978","Module_2"
"SMC4","201","0.9680403601762","1127.19803059152","0.000693481276005548","Module_2"
"CIP2A","198","0.990640060979263","327.783117690773","0.000700770847932726","Module_2"
"NDC1","198","0.993005265829737","237.884170038817","0.000689179875947622","Module_2"
"RRM2P3","190","0.953850067634221","283.397735714082","0.000688231245698555","Module_2"
"CENPU","195","0.953327460181245","747.146315206689","0.00069060773480663","Module_2"
"NCAPG2","197","0.983913756606779","361.279870530102","0.000699300699300699","Module_2"
"CENPN","197","0.977361105594599","520.741040720038","0.000699300699300699","Module_2"
"ZNF714","200","0.998016684885472","384.465398314305","0.000701754385964912","Module_2"
"HMGB2","181","0.899449702843175","821.4335357361","0.000716332378223496","Module_2"
"PAICS","200","0.944045404722837","3382.058686048","0.000693000693000693","Module_2"
"CBX1","188","0.915961062631958","749.450181695091","0.000687285223367698","Module_2"
"MELK","194","0.977351955612765","192.36742309789","0.000686341798215511","Module_2"
"DDIAS","198","0.993005265829737","237.884170038817","0.000689179875947622","Module_2"
"NDC80","185","0.930546128058854","262.306988206787","0.000685871056241427","Module_2"
"SMC2","200","0.992976196761939","598.82034766834","0.000701754385964912","Module_2"
"FANCI","193","0.967269857216061","322.84413532298","0.000697350069735007","Module_2"
"CSE1L","200","1","286.00468830617","0.000690131124913734","Module_2"
"RAD51AP1","194","0.977351955612767","192.36742309789","0.000686341798215511","Module_2"
"NUP107","197","0.989193709331535","225.827610063196","0.00068870523415978","Module_2"
"RFC5","199","0.994451617477465","348.813494336848","0.000701262272089762","Module_2"
"SPC25","184","0.900943595231","629.636774502301","0.000685400959561343","Module_2"
"CCNB2","180","0.863402983772169","1896.22017530767","0.000713775874375446","Module_2"
"UBE2T","180","0.899254240472395","588.815275767928","0.000715819613457409","Module_2"
"CEP55","193","0.94399797441142","727.437470643747","0.000689655172413793","Module_2"
"PBK","195","0.95112698877132","842.683645442685","0.00069060773480663","Module_2"
"RFC3","197","0.989193709331534","225.827610063196","0.00068870523415978","Module_2"
"SINHCAF","200","0.998016684885472","384.465398314305","0.000701754385964912","Module_2"
"POLR3G","204","0.981893048872199","1392.16255906717","0.000702740688685875","Module_2"
"PAICSP4","194","0.933347706316343","1209.10873444844","0.000690131124913734","Module_2"
"MTHFD2","199","0.994451617477465","348.813494336848","0.000701262272089762","Module_2"
"DHX9","201","0.969339852140398","1267.84631523751","0.000701262272089762","Module_2"
"PHACTR4","194","0.974641797309108","259.928453660997","0.000697836706210747","Module_2"
"MTF2","198","0.993005265829736","237.884170038817","0.000689179875947622","Module_2"
"NUP153","190","0.975543697834866","669.929342866385","0.000733675715333822","Module_3"
"NUP155","189","0.974811420101274","454.541201012582","0.000717875089734386","Module_3"
"PPAT","180","0.930450728780534","399.261253871561","0.000728332119446468","Module_3"
"BRCA2","190","0.976868478530232","368.238987418701","0.000715307582260372","Module_3"
"HS2ST1","182","0.908999091069291","794.382625355837","0.000747384155455904","Module_3"
"NAA50","179","0.909697194679757","543.052248912007","0.000728332119446468","Module_3"
"ATAD5","180","0.946059094186207","244.455021607545","0.000713266761768902","Module_3"
"MMS22L","181","0.945040712182141","413.335703131466","0.000728862973760933","Module_3"
"SMCHD1","184","0.927144086221573","846.671333443893","0.00075187969924812","Module_3"
"NUP50","181","0.922637519904844","644.509163933011","0.000749625187406297","Module_3"
"XPOT","177","0.906095762391513","538.958104301306","0.00073909830007391","Module_3"
"SLC16A1","185","0.961155237614663","333.899065767949","0.000715819613457409","Module_3"
"UTP20","172","0.910410419641091","228.588954399818","0.000724112961622013","Module_3"
"SEH1L","178","0.937235018370942","228.29185379343","0.000712250712250712","Module_3"
"QSER1","188","0.912783212104761","1544.8281883998","0.0007627765064836","Module_3"
"ABCE1","178","0.907572137997727","522.604751096086","0.000735835172921266","Module_3"
"NOC3L","180","0.918643894534684","613.258075144809","0.000749063670411985","Module_3"
"ELOVL5","175","0.927406676390528","230.160449531749","0.000725689404934688","Module_3"
"SASS6","176","0.931945438434193","196.53383539738","0.000711237553342817","Module_3"
"NPAT","181","0.909298756191238","813.907806145011","0.000752445447705041","Module_3"
"ZNF850","191","0.978292897464418","423.316409825408","0.000715307582260372","Module_3"
"IPO7","182","0.902709510442934","907.546638176808","0.000758725341426404","Module_3"
"PDS5B","178","0.911733765146","385.229388955571","0.000725163161711385","Module_3"
"NUP58","186","0.91510163821593","1378.86570202308","0.000755857898715042","Module_3"
"DNA2","185","0.962562562916084","229.989749233187","0.000712758374910905","Module_3"
"ATAD2","179","0.941369239187935","312.69274429455","0.000727802037845706","Module_3"
"CHD1","178","0.904202772076566","631.739140038325","0.000745156482861401","Module_3"
"AHCTF1","179","0.913881599705942","596.84653939831","0.00074019245003701","Module_3"
"HAUS6P1","175","0.899991994836841","333.12241314487","0.000715819613457409","Module_3"
"USP1","176","0.903806532100062","517.335335488934","0.000738552437223043","Module_3"
"SCML2","178","0.939678301808475","217.257123040048","0.000712250712250712","Module_3"
"NUDT21","176","0.89424947465318","668.770140556384","0.000744047619047619","Module_3"
"KLHL23","180","0.946428955841496","177.573115039054","0.000710227272727273","Module_3"
"ZNF678","175","0.915408213229042","541.699580551757","0.000720980533525595","Module_3"
"PLOD2","175","0.902997488594101","499.29078505313","0.000734214390602056","Module_3"
"LRRC8B","171","0.91039809719578","155.34206296231","0.00070871722182849","Module_3"
"ENC1","178","0.93833202109551","215.902054743902","0.000712250712250712","Module_3"
"FMR1","171","0.892445641967625","380.245317424761","0.000732064421669107","Module_3"
"MSH2","171","0.911415470711427","168.539179866979","0.00070871722182849","Module_3"
"XPO4","181","0.895724864567148","1018.64907908592","0.000752445447705041","Module_3"
"OSBPL8","83","0.235522510242883","2126.50207476915","0.000754716981132075","Module_4"
"RLIM","83","0.262121694043219","499.503819545839","0.000739644970414201","Module_4"
"RO60","122","0.483959632517157","1037.37126447964","0.000750187546886722","Module_4"
"CAMSAP2","112","0.420134869061064","1664.6777198987","0.000769822940723634","Module_4"
"ZFYVE16","107","0.375669883761494","1376.41376640435","0.00075642965204236","Module_4"
"DNAJB14","103","0.366545022659688","1056.89982962402","0.00075187969924812","Module_4"
"LTN1","108","0.407287994513686","1212.85061400082","0.000766871165644172","Module_4"
"ITCH","103","0.362459348802453","1057.97406656095","0.00075187969924812","Module_4"
"CACNA2D1","100","0.348665926964691","961.62328173618","0.000749625187406297","Module_4"
"NHLRC2","63","0.158918068504533","624.183150948892","0.000743494423791822","Module_4"
"UBR3","65","0.109570232158698","2523.83732254612","0.000745712155108128","Module_4"
"ZBTB41","102","0.372757305618629","847.123535338848","0.000749625187406297","Module_4"
"TAF2","105","0.384170374091247","1118.80824544303","0.000755857898715042","Module_4"
"ZNF451","105","0.396561259144504","302.16821101269","0.000730460189919649","Module_4"
"ERBIN","70","0.195763643398328","268.805366473081","0.000729394602479942","Module_4"
"SEL1L","67","0.109897502130251","1361.30998664602","0.000746268656716418","Module_4"
"ATP11B","126","0.514072199869386","1510.50575539082","0.000757002271006813","Module_4"
"SOCS4","107","0.397343623856143","430.249047625136","0.000732600732600733","Module_4"
"NEDD4","81","0.234871860568186","1989.46142239203","0.00075187969924812","Module_4"
"EXOC5","125","0.512985507293088","590.180028454853","0.00074019245003701","Module_4"
"ZNF800","83","0.262121694043219","499.503819545839","0.000739644970414201","Module_4"
"TMF1","63","0.1138449397699","525.311997936336","0.000725689404934688","Module_4"
"ARHGAP5","58","0.127209829533599","244.565103183468","0.000722021660649819","Module_4"
"SLC16A7","108","0.405340236015002","1490.61754956809","0.000767459708365311","Module_4"
"ITGAV","62","0.154431244168959","157.370371071476","0.000725163161711385","Module_4"
"ACSL4","88","0.247328197810395","5403.47307701574","0.00076219512195122","Module_4"
"SMAD5","115","0.463517220817369","339.92044041719","0.000728862973760933","Module_4"
"BMPR1A","101","0.366391058299712","1091.0578256225","0.000757575757575758","Module_4"
"MBNL1","123","0.50452322108951","1563.19899251716","0.000750750750750751","Module_4"
"EDEM1","68","0.139835062802181","1455.916164382","0.000750187546886722","Module_4"
"ZNF148","101","0.371778742864539","337.626662788497","0.000727272727272727","Module_4"
"ATP7A","62","0.0972294738015211","741.742338564537","0.000732064421669107","Module_4"
"MOB1B","104","0.390411115595799","189.756433034458","0.000712758374910905","Module_4"
"MDFIC","114","0.443967812024534","965.655353536357","0.000746268656716418","Module_4"
"MAN2A1","122","0.474142715989899","2773.88317604792","0.000750750750750751","Module_4"
"SP3","126","0.518956894021991","1323.70837271385","0.000757002271006813","Module_4"
"REST","81","0.248252867969752","479.532058679556","0.000735294117647059","Module_4"
"TNKS2","99","0.365249155989575","235.518332243547","0.000720461095100865","Module_4"
"MAN1A2","66","0.0866317459071249","3031.97623128758","0.000733137829912023","Module_4"
"MARCHF6","66","0.162138461794853","875.978351957272","0.000744601638123604","Module_4"
"THSD4","176","0.00334563807647473","853.511454544662","0.000698324022346369","Module_5"
"LMF1","180","0.0030400338501482","478.638325519523","0.00068259385665529","Module_5"
"IGFBP5","176","0.00333024775071307","848.318526530038","0.000698324022346369","Module_5"
"APCDD1L","174","0.00337011519963421","612.594255992787","0.000688231245698555","Module_5"
"KCNMA1","172","0.00333331754031914","714.067215922569","0.000687285223367698","Module_5"
"H6PD","175","0.00302722116299903","280.616615636756","0.000673400673400673","Module_5"
"PHLDB1","184","0.00304283924772145","452.86815666422","0.000677506775067751","Module_5"
"CPA4","171","0.0033038931362939","562.2889891863","0.000686813186813187","Module_5"
"EPHB2","183","0.00303750749336354","420.27141868298","0.000677048070412999","Module_5"
"SIDT2","178","0.0030581687249657","325.166768931901","0.000681663258350375","Module_5"
"TNS1","174","0.0033574309866421","560.244763141693","0.000687757909215956","Module_5"
"SEMA7A","175","0.00300618462855184","278.677047027112","0.000672947510094213","Module_5"
"CD9","172","0.00299988149717845","237.423493982863","0.000668449197860963","Module_5"
"NPTX1","171","0.00337618315072263","523.592135602089","0.000686341798215511","Module_5"
"MYPN","169","0.00327480227472886","489.740890919687","0.000685400959561343","Module_5"
"MYADM","177","0.00303330589444574","311.299196499568","0.000670690811535882","Module_5"
"GALNT10","161","0.00291010804537548","151.307707756261","0.000656598818122127","Module_5"
"CCND1","170","0.00282618079209767","229.847363694507","0.000671591672263264","Module_5"
"SLC17A5","160","0.00322457053602087","364.087816214217","0.000681198910081744","Module_5"
"GM2A","164","0.0029315599165269","166.161692191094","0.000664893617021277","Module_5"
"CDCP1","160","0.00295051178458006","154.859665813366","0.000662690523525514","Module_5"
"BACE1","163","0.00322776110283688","562.290260887754","0.000682128240109141","Module_5"
"PLBD2","166","0.0029401974530741","189.834428464319","0.00066577896138482","Module_5"
"MGAT5","164","0.00324433651798125","397.007676572608","0.000683060109289617","Module_5"
"DHRS7","169","0.00292710178889826","219.893741635066","0.00066006600660066","Module_5"
"CXCL12","148","0.00277456472230143","95.4263857677174","0.000650195058517555","Module_5"
"TGM2","158","0.00277275954120252","173.583803840806","0.000662251655629139","Module_5"
"SLC16A4","159","0.00322366087214663","361.618367180204","0.00068073519400953","Module_5"
"KREMEN1","156","0.0028183320010798","131.075112135598","0.00065359477124183","Module_5"
"FBLN5","148","0.00412791790816464","1098.46732987934","0.000689655172413793","Module_5"
"FAM120B","153","0.00277115232641362","113.604129897671","0.000659630606860158","Module_5"
"LTBP2","139","0.00263783404551164","105.423646738578","0.000643915003219575","Module_5"
"MBTPS1","160","0.00319630025169412","363.968442802422","0.000681198910081744","Module_5"
"FOLR3","164","0.00267387743603867","119.734399657479","0.000624609618988132","Module_5"
"GALNT11","161","0.00320479203010794","368.529686012356","0.000681663258350375","Module_5"
"PTPRA","159","0.00288908859945552","148.433454446038","0.000662251655629139","Module_5"
"MEAK7","162","0.00264226941468311","133.150998912372","0.00065359477124183","Module_5"
"PSG4","143","0.00267893739582165","78.6692646534878","0.000645994832041344","Module_5"
"LBH","160","0.00288857670622645","159.563131421665","0.000656167979002625","Module_5"
"WNT5A","164","0.00519392131514597","1952.45726720555","0.000699300699300699","Module_5"
"RPS3AP6","53","0.0933348578053672","831.259044108008","0.000546448087431694","Module_6"
"RPS3AP26","53","0.0933348578053671","831.259044108008","0.000546448087431694","Module_6"
"RPS3AP5","46","0.0534880395046422","439.580383531948","0.000544365813826892","Module_6"
"RPS3A","67","0.174879058359896","2001.18615758034","0.000552791597567717","Module_6"
"RPL9","39","0.00999781286208466","0","0.000431965442764579","Module_6"
"RPS3AP21","53","0.0933348578053671","831.259044108008","0.000546448087431694","Module_6"
"RPL9P7","39","0.00999781286208468","0","0.000431965442764579","Module_6"
"RPL17P36","39","0.00999781286208472","0","0.000431965442764579","Module_6"
"RPS3AP20","46","0.0534880395046422","439.580383531948","0.000544365813826892","Module_6"
"RPL7P9","39","0.00999781286208462","0","0.000431965442764579","Module_6"
"RPL15","39","0.0099978128620847","0","0.000431965442764579","Module_6"
"RPL7P32","40","0.0161961166533679","52.5073082508911","0.000517866390471258","Module_6"
"RPS3AP25","55","0.0993562393944149","986.095792839791","0.000547045951859956","Module_6"
"RPL4P4","39","0.00999781286208468","0","0.000431965442764579","Module_6"
"RPS3AP47","74","0.220289561891445","2808.31838624288","0.000554938956714761","Module_6"
"RPL7","39","0.00999781286208468","0","0.000431965442764579","Module_6"
"RPL17P34","39","0.00999781286208468","0","0.000431965442764579","Module_6"
"RPL6","39","0.00999781286208478","0","0.000431965442764579","Module_6"
"RPL5","40","0.0161961166533679","52.5073082508911","0.000517866390471258","Module_6"
"RPL39","39","0.00999781286208472","0","0.000431965442764579","Module_6"
"RPL5P4","42","0.0286521826771606","157.200482999467","0.00051975051975052","Module_6"
"RPL7P26","39","0.0099978128620847","0","0.000431965442764579","Module_6"
"RPL4","39","0.00999781286208462","0","0.000431965442764579","Module_6"
"SNHG5","49","0.0685569948928714","613.328064542098","0.00054525627044711","Module_6"
"SF3B6","58","0.124776032722696","1236.99448574157","0.000549450549450549","Module_6"
"RPL7P1","39","0.00999781286208472","0","0.000431965442764579","Module_6"
"RPL7P15","39","0.00999781286208468","0","0.000431965442764579","Module_6"
"RPL5P34","40","0.0161961166533679","52.5073082508911","0.000517866390471258","Module_6"
"RPL7P6","39","0.00999781286208481","0","0.000431965442764579","Module_6"
"RPL7P24","40","0.0161961166533681","52.5073082508911","0.000517866390471258","Module_6"
"RPL39P3","39","0.00999781286208468","0","0.000431965442764579","Module_6"
"RPS20P14","39","0.00999781286208474","0","0.000431965442764579","Module_6"
"RPL6P27","39","0.00999781286208472","0","0.000431965442764579","Module_6"
"RPS23","39","0.00999781286208475","0","0.000431965442764579","Module_6"
"RPS25","39","0.00999781286208466","0","0.000431965442764579","Module_6"
"RPL17P43","39","0.00999781286208479","0","0.000431965442764579","Module_6"
"RPS7P11","39","0.00999781286208472","0","0.000431965442764579","Module_6"
"RPS3AP49","57","0.11451474914887","1138.16722477078","0.000547645125958379","Module_6"
"RPL24P7","39","0.00999781286208481","0","0.000431965442764579","Module_6"
"RPS4X","39","0.00999781286208474","0","0.000431965442764579","Module_6"
"ALYREF","109","0.518899506274847","310.656749879027","0.00065402223675605","Module_7"
"SMPD4","110","0.532968987564695","40.41350891991","0.000644329896907216","Module_7"
"TK1","93","0.445113256023052","24.6689792253973","0.000630517023959647","Module_7"
"MAD2L2","136","0.654179596468099","1723.02956879197","0.000692041522491349","Module_7"
"CHTF18","91","0.436521509433573","22.8985034110466","0.000629722921914358","Module_7"
"SAE1","97","0.428020185827233","936.565811708286","0.000640614990390775","Module_7"
"TOMM40","137","0.658834423381575","1754.08151466309","0.000692520775623269","Module_7"
"DTYMK","87","0.413316353945327","20.9405862682071","0.000616903146206046","Module_7"
"PPM1G","143","0.693351371420543","1943.0432320176","0.00070323488045007","Module_7"
"KHSRP","96","0.451064268947431","1046.55236174237","0.00066577896138482","Module_7"
"TRAF4","83","0.395153710546762","20.1455642513195","0.000615384615384615","Module_7"
"SLC25A29","82","0.38984996847262","19.7162079778808","0.000615006150061501","Module_7"
"DCAF15","128","0.611049067795351","1565.04130557333","0.000687285223367698","Module_7"
"HNRNPUL1","84","0.401604926048831","19.658527118136","0.00061576354679803","Module_7"
"UBN1","87","0.417912338603989","21.6416755854063","0.000628140703517588","Module_7"
"FBL","87","0.39819939862514","371.255490027932","0.000626174076393237","Module_7"
"HNRNPA1P63","103","0.515150504902576","9.55769308176419","0.000615384615384615","Module_7"
"TCF3","99","0.484444383905932","29.7317130915285","0.000639795265515035","Module_7"
"TOMM40P4","138","0.680786767822495","82.3370174079203","0.000667556742323097","Module_7"
"SAFB","140","0.687663516450714","928.699302300872","0.000700280112044818","Module_7"
"LRRC20","118","0.585835457639842","50.9832124599115","0.000657030223390276","Module_7"
"LMNB2","111","0.524947935226967","1263.87070883502","0.0006765899864682","Module_7"
"CPSF4","83","0.400580001728606","0.633829838886431","0.000586510263929619","Module_7"
"TOMM40P1","130","0.636961709019572","67.8340066388518","0.00065359477124183","Module_7"
"RNPS1P1","103","0.505865733481872","33.8343409463262","0.00064143681847338","Module_7"
"POP7","97","0.473156188214418","27.8336843035273","0.00063653723742839","Module_7"
"SGTA","88","0.413347580175517","951.33107593834","0.000655307994757536","Module_7"
"RBM19","80","0.3853826568205","0.1652285580864","0.000572737686139748","Module_7"
"SAFB2","102","0.484800447517549","1127.25259403134","0.000672494956287828","Module_7"
"EZR","100","0.489913246737386","31.0200503769824","0.000640204865556978","Module_7"
"TOMM34","84","0.405857595681229","0.756793156245851","0.000586854460093897","Module_7"
"H1-10","79","0.380867675486106","0.140503283361125","0.000572409845449342","Module_7"
"SNHG7","81","0.39068639889464","0.258304635846448","0.000573065902578797","Module_7"
"ITPKA","118","0.589834943428154","52.0925166383768","0.000657030223390276","Module_7"
"CNIH2","98","0.481926457402415","29.9442283375834","0.000639386189258312","Module_7"
"CDKN2D","80","0.3853826568205","0.1652285580864","0.000572737686139748","Module_7"
"LAS1L","80","0.3853826568205","0.1652285580864","0.000572737686139748","Module_7"
"RANP1","89","0.42828052236527","22.3917733633313","0.000628930817610063","Module_7"
"ARRB2","91","0.452479641373285","3.16505613394719","0.000602046959662854","Module_7"
"TRAF2","128","0.630616967993494","66.3394431749258","0.000652741514360313","Module_7"
"USP12","157","0.779199484636757","610.179078414839","0.000744601638123604","Module_8"
"PAK2","153","0.771924148672883","462.44983085014","0.000736919675755343","Module_8"
"RPRD1A","151","0.767593501664163","372.251344584032","0.000729394602479942","Module_8"
"ATP11C","153","0.770769817915377","441.431938764867","0.000730460189919649","Module_8"
"UBA6","162","0.783060715246317","1001.41235705633","0.00074794315632012","Module_8"
"PANK3","144","0.676831630827897","1347.28675633916","0.000752445447705041","Module_8"
"ARPP19","134","0.601615973033275","704.480739587371","0.000748502994011976","Module_8"
"SMARCAD1","150","0.741231282181981","503.419056691152","0.000732064421669107","Module_8"
"TNPO1","151","0.764969995315483","424.675406629493","0.000735835172921266","Module_8"
"MAPK6","140","0.651498938757409","382.302215606822","0.00072992700729927","Module_8"
"USP15","143","0.692462343933201","414.106563435442","0.000733675715333822","Module_8"
"PAPOLA","143","0.721655150026165","296.733075979756","0.000722021660649819","Module_8"
"MYSM1","143","0.744764784233372","165.652839347642","0.000699790062981106","Module_8"
"MARCHF7","141","0.674634673089536","368.931965058818","0.000725163161711385","Module_8"
"PPP4R2","149","0.734406719993715","487.752142441303","0.000736919675755343","Module_8"
"TAB2","145","0.746519654479875","270.050772718396","0.000710732054015636","Module_8"
"ZNF518B","138","0.633065795324501","390.756354998147","0.00072992700729927","Module_8"
"RP2","145","0.746519654479875","270.050772718396","0.000710732054015636","Module_8"
"DNM1L","125","0.542984922550728","365.91300655494","0.000742942050520059","Module_8"
"STAG2","137","0.704132204901202","164.385868111948","0.00070871722182849","Module_8"
"KIF5B","150","0.75747075038271","332.217102226917","0.000713266761768902","Module_8"
"MOB1A","141","0.718300989076722","245.122893042505","0.000703729767769177","Module_8"
"QKI","148","0.756993220595512","809.599724485356","0.000718390804597701","Module_8"
"ITGA4","146","0.740522927417247","279.340823078712","0.000713775874375446","Module_8"
"LYPLA1","147","0.733052417416381","419.931252679929","0.000735835172921266","Module_8"
"PGAP1","147","0.736955048960407","373.343667185055","0.000724112961622013","Module_8"
"PPP6R3","145","0.758448912687386","170.133742626091","0.000700770847932726","Module_8"
"PTPN4","143","0.744764784233372","165.652839347642","0.000699790062981106","Module_8"
"MORC3","144","0.724343523970944","262.077050265785","0.000712250712250712","Module_8"
"UBQLN1","121","0.522362448770798","221.470681804286","0.000721500721500722","Module_8"
"FAM91A1","129","0.580526950297144","428.313080651725","0.000739644970414201","Module_8"
"AHR","135","0.707017696273971","113.326282789722","0.000689655172413793","Module_8"
"SPRED1","132","0.597726704315572","848.781220575323","0.000742390497401633","Module_8"
"PCNX4","130","0.646178614655251","123.815275751784","0.000702740688685875","Module_8"
"AIDAP1","125","0.604239973405507","93.3785599595755","0.000700280112044818","Module_8"
"TTLL7","137","0.736447150280468","100.218963362897","0.000696864111498258","Module_8"
"SOAT1","141","0.785723852350324","36.562044095406","0.00067842605156038","Module_8"
"BCLAF1P2","139","0.698248397463691","215.511322512565","0.0007097232079489","Module_8"
"CGGBP1","143","0.716814309823608","285.724686416026","0.000711743772241993","Module_8"
"SSX2IP","141","0.785401853406771","33.6916641625566","0.000677966101694915","Module_8"
"FANCA","156","0.807797342874606","64.6957674140981","0.00066006600660066","Module_9"
"HAS3","141","0.765190610087859","32.0003364570215","0.00065359477124183","Module_9"
"POLE","155","0.803814799457392","168.773311393918","0.000689655172413793","Module_9"
"SMC1A","149","0.810692186619067","50.2545899880577","0.000658761528326746","Module_9"
"SLC1A4","136","0.749282698338891","24.6378496952565","0.000651465798045603","Module_9"
"SLC29A1","150","0.790072209524522","156.21234461529","0.000687285223367698","Module_9"
"NUP188","133","0.739586127624828","20.0647612789757","0.000650195058517555","Module_9"
"LZTS1","149","0.789075338700593","46.972638522072","0.000657030223390276","Module_9"
"RNF227","137","0.75606514508104","27.4272264852394","0.000652315720808871","Module_9"
"PTBP1","138","0.70732347017628","1111.76291307738","0.000708215297450425","Module_9"
"TCF19","132","0.736086821680716","18.9054090117006","0.000649772579597141","Module_9"
"TFDP1","140","0.776485211254897","33.6197211294535","0.000654878847413229","Module_9"
"MYO19","139","0.759167077030941","28.543948013193","0.000652741514360313","Module_9"
"TMEM201","126","0.708724537838514","13.9954131581563","0.000647249190938511","Module_9"
"MICAL3","140","0.764260349536344","24.074864039446","0.000653167864141084","Module_9"
"AKAP1","127","0.716727054746367","14.2084005901733","0.000647668393782383","Module_9"
"SCAF4","134","0.744170664127186","16.9363874705949","0.000650618087182824","Module_9"
"CDCA4","126","0.710465152508328","14.1914289491403","0.000647249190938511","Module_9"
"ICMT","125","0.708962984942315","13.8273170293968","0.000647249190938511","Module_9"
"CDT1","127","0.662637519813543","71.9210800234479","0.000664893617021277","Module_9"
"NAA40","135","0.746375373218942","22.4864716623648","0.000651041666666667","Module_9"
"NPHP4","110","0.608257324235051","5.66295042592699","0.000627352572145546","Module_9"
"SAP130","133","0.739120387961414","20.5840661303683","0.000650195058517555","Module_9"
"GEMIN4","125","0.706453197432197","13.2039719441758","0.000646830530401035","Module_9"
"TMEM109","125","0.682318670997248","14.9795419523136","0.000640204865556978","Module_9"
"TONSL","99","0.524372077120751","43.1676944538826","0.000638977635782748","Module_9"
"PASK","118","0.676222816403221","8.88916742388365","0.000642260757867694","Module_9"
"TLN2","127","0.705132515750648","15.3470301442507","0.000647668393782383","Module_9"
"FHOD3","119","0.679091819938987","9.69237631184706","0.0006426735218509","Module_9"
"CAD","121","0.684101148675129","11.9847406773722","0.000643500643500643","Module_9"
"GPRIN1","128","0.715630773958811","16.2583607089679","0.000648088139987038","Module_9"
"NUP214","123","0.69815925032141","12.3273522882793","0.000645994832041344","Module_9"
"MCM2","125","0.706116512457691","13.7480205866425","0.000646830530401035","Module_9"
"UTP4","125","0.706574833989186","13.5831460899391","0.000646830530401035","Module_9"
"POFUT1","119","0.681896465372946","5.77380938400042","0.000644329896907216","Module_9"
"MANEAL","104","0.577580638231682","4.65331288057044","0.000625","Module_9"
"DPF1","113","0.59252296185771","48.9159769998144","0.000646412411118293","Module_9"
"MCM5","46","0.209520483553627","19.7636308589289","0.000584795321637427","Module_9"
"CABLES2","115","0.626264960825976","10.3036941127673","0.000635727908455181","Module_9"
"ACACB","122","0.69729511894106","6.53645502619733","0.000645577792123951","Module_9"
"DSP","100","0.00385229091795206","321.767778778463","0.000657030223390276","Module_10"
"CSGALNACT1","98","0.00379792496537098","287.828772987493","0.000656598818122127","Module_10"
"CDH6","129","0.00430622466849269","905.012571575002","0.000679347826086957","Module_10"
"TRPC6","49","0.0074272615342061","299.401045716176","0.000685400959561343","Module_10"
"ANKLE2","80","0.00351438563276526","116.396878709503","0.000645161290322581","Module_10"
"CHST11","50","0.00284698364799417","53.0293921673198","0.000618046971569839","Module_10"
"CCN2","84","0.00344746370654402","327.495500142257","0.000642260757867694","Module_10"
"CREB3L2","85","0.011289808606294","3526.10370761831","0.000720461095100865","Module_10"
"SIRPA","110","0.00403724682720801","549.243681243873","0.000663129973474801","Module_10"
"SMOC1","81","0.00352041570000559","116.110758909036","0.00064143681847338","Module_10"
"B4GALT1","46","0.0104900772062675","398.896553738411","0.000715307582260372","Module_10"
"FLRT2","67","0.0464652639180358","2491.22043466194","0.000728862973760933","Module_10"
"BHLHE40","119","0.00412153223834648","625.816643775154","0.000669792364367046","Module_10"
"AKAP12","75","0.00277935682480197","567.489903960004","0.000632511068943707","Module_10"
"NOX4","54","0.00455751540463518","674.47647605728","0.000695410292072323","Module_10"
"ADAM19","41","0.00435149297393275","61.8337524049985","0.00067842605156038","Module_10"
"F3","93","0.00373547863164836","248.336509293771","0.00065359477124183","Module_10"
"KCNH1","103","0.00390296330471262","373.435356914098","0.000658327847267939","Module_10"
"TFPI2","82","0.00356139063771787","137.340670070618","0.000646412411118293","Module_10"
"MYOCD","99","0.00319943954967288","656.901015864678","0.000648508430609598","Module_10"
"EDN1","63","0.00255002212558544","390.982497872047","0.000620347394540943","Module_10"
"IL11","103","0.00233221618127716","310.461206675851","0.000638977635782748","Module_10"
"PCNX1","75","0.0764102856933137","4511.3324549166","0.000739644970414201","Module_10"
"TCF7","53","0.0029902623992227","30.8658801178946","0.000626174076393237","Module_10"
"DCBLD1","47","0.00739520177233782","212.174457138887","0.000683994528043776","Module_10"
"CRISPLD2","80","0.00224377452364323","611.198770113838","0.000629722921914358","Module_10"
"S1PR1","42","0.0104262376748291","260.743603596535","0.000710732054015636","Module_10"
"TIMP3","38","0.00492955206723171","116.198276586707","0.000683994528043776","Module_10"
"COL4A1","55","0.0414284659247807","1507.97337333864","0.000725163161711385","Module_10"
"ATP2A2","40","0.0114216949121842","212.753030521749","0.000702740688685875","Module_10"
"SLC22A23","57","0.00303844334224529","42.9386411162798","0.000628140703517588","Module_10"
"ABHD2","81","0.00630506377194452","659.065319460419","0.000707213578500707","Module_10"
"SIRPB1","78","0.00345555701917097","136.563222592125","0.000645161290322581","Module_10"
"HIVEP2","69","0.064051427231439","3264.02583852234","0.000724112961622013","Module_10"
"PTGS2","54","0.00742451476407588","1331.57998907785","0.000688231245698555","Module_10"
"TEX2","49","0.00351571026030233","61.338936989643","0.000646830530401035","Module_10"
"CSTF2T","46","0.0129167297801624","484.953917882911","0.000700770847932726","Module_10"
"UCK2","57","0.00194778085661851","253.087362363601","0.000606428138265616","Module_10"
"PRSS23","79","0.00612559129317093","476.111451915551","0.000681663258350375","Module_10"
"KLF7","91","0.00324826574045459","399.556808493341","0.000650618087182824","Module_10"
"VARS1","94","0.00123990665595266","314.264520048161","0.0006265664160401","Module_11"
"PPP1R12C","100","0.00141267086706867","234.471471868146","0.000630517023959647","Module_11"
"GNA11","82","0.00147486918400814","3730.41912162914","0.000660501981505945","Module_11"
"SRM","96","0.00122126712632616","568.834414258966","0.000627352572145546","Module_11"
"ARF1","90","0.00119027811320479","127.988715906547","0.000625","Module_11"
"BCAR1","93","0.0011255287560753","341.850523162193","0.000617665225447807","Module_11"
"AP1M1","109","0.00147723057552674","344.191771567063","0.000634115409004439","Module_11"
"MRPL4","86","0.00114288389629951","128.845621053173","0.000616142945163278","Module_11"
"PGP","90","0.00126495341009922","102.42275642187","0.000625390869293308","Module_11"
"PLCB3","111","0.00166944875737463","146.84626695501","0.000636132315521629","Module_11"
"IMPDH1","72","0.00112694792755453","1193.92912899688","0.000647668393782383","Module_11"
"AACS","113","0.00170308429936831","44.0502842700845","0.00061012812690665","Module_11"
"CNN2","81","0.00159654629677172","3352.18084603593","0.000672947510094213","Module_11"
"FARSA","92","0.00136175152203306","132.596878912047","0.000601322910402886","Module_11"
"PSMG4","85","0.00117125647237182","58.9492068011489","0.000623052959501558","Module_11"
"BOP1","23","0.00163610101226599","1838.90132013602","0.000653167864141084","Module_11"
"DHX30","59","0.00106165939869159","1050.24098944663","0.000644329896907216","Module_11"
"TRIM11","64","0.000879878761081711","19.8883534891914","0.000602409638554217","Module_11"
"ALDH16A1","87","0.00130600388644099","11.085591861145","0.000599161174355902","Module_11"
"MFN2","95","0.00150061265080105","13.9467924338276","0.00060313630880579","Module_11"
"ATAD3C","17","0.00160177597473424","1050.92267402877","0.000654878847413229","Module_11"
"SIVA1","40","0.000706184380920699","430.12277020753","0.000628535512256443","Module_11"
"GTPBP1","61","0.00111877499077462","1091.13903608339","0.000646830530401035","Module_11"
"CCDC9","60","0.00103362609368395","812.66310423328","0.000641848523748395","Module_11"
"CNP","19","0.0310305670106525","6406.61900158349","0.000668449197860963","Module_11"
"ATAD3B","21","0.0401902113272639","7980.31711708569","0.000677506775067751","Module_11"
"KLF16","73","0.00107560483295668","66.5154463893416","0.000593119810201661","Module_11"
"SMTN","38","0.000777800327974741","556.236184685195","0.000633312222925902","Module_11"
"SMARCA4","30","0.00177024578869277","5588.09557719405","0.000664010624169987","Module_11"
"CNOT3","56","0.000815709289956578","0","0.000567536889897843","Module_11"
"MBD3","17","0.000602091142003648","166.541967266296","0.000612745098039216","Module_11"
"THOP1","46","0.15183046073901","8494.41931151756","0.000678886625933469","Module_11"
"KIAA2013","56","0.000797306415182863","12.3929786258404","0.000595947556615018","Module_11"
"ALKBH5","86","0.00141593616864058","5.67401167172337","0.000598802395209581","Module_11"
"PREB","83","0.00137126207234727","4.91502098303151","0.000597728631201434","Module_11"
"PRADC1","69","0.00106698777773044","0.88219059033425","0.000591016548463357","Module_11"
"TTLL12","59","0.000749230878784421","637.884882475111","0.000557103064066852","Module_11"
"MTA1","56","0.000815709289956617","0","0.000567536889897843","Module_11"
"C19orf25","49","0.000682842812827575","14.3957504207895","0.00058411214953271","Module_11"
"APBA3","60","0.000855893028955156","0.153056474146937","0.000568828213879408","Module_11"
"CBARP","141","0.0022629886637759","144.35916521145","0.000602046959662854","Module_12"
"CHMP1B","130","0.00208847856916645","119.384015625495","0.000595592614651578","Module_12"
"DACT1","129","0.00214743598171905","392.841885141911","0.000643915003219575","Module_12"
"TNFRSF1B","124","0.00196456438982294","70.0467956275739","0.000593119810201661","Module_12"
"INHBA","137","0.00226895688595646","144.621959103651","0.000639386189258312","Module_12"
"STC1","128","0.00205781455189702","92.1178531972219","0.000597014925373134","Module_12"
"PMEPA1","147","0.00258766013909303","277.664655388946","0.000645577792123951","Module_12"
"IL1R1","89","0.00137372422162608","264.733811402848","0.00061576354679803","Module_12"
"PRPSAP1","70","0.000989818621773287","90.4074617866145","0.000602772754671489","Module_12"
"TMEM120B","129","0.00212354408841558","75.9196413206015","0.000595238095238095","Module_12"
"SOX4","61","0.000807344616026127","73.8181226305716","0.000599161174355902","Module_12"
"CBLB","111","0.00168360236680774","415.844652083904","0.000625782227784731","Module_12"
"RASD2","136","0.00228468867993217","149.69056271277","0.000641025641025641","Module_12"
"ETS2","57","0.000667726419157567","76.3560610765364","0.000586854460093897","Module_12"
"NR4A3","111","0.00167746220585973","442.877978179547","0.000625782227784731","Module_12"
"SLC16A6","66","0.000849048303856904","105.564114071255","0.000592417061611374","Module_12"
"CREM","54","0.000607310403102753","68.219270142418","0.000585480093676815","Module_12"
"NFATC2","116","0.00178713204110041","159.631811544881","0.000585823081429408","Module_12"
"MAFK","135","0.00224771411123691","75.8158917789869","0.000598444045481747","Module_12"
"PITX2","76","0.00113263432558606","23.5964787520272","0.000552181115405853","Module_12"
"MSC","119","0.00186737771674596","62.9673873212842","0.000586854460093897","Module_12"
"NEDD9","67","0.000921063217045064","80.2886065062335","0.000601684717208183","Module_12"
"LIF","109","0.00178489811358865","100.385991652119","0.000586510263929619","Module_12"
"NGF","126","0.00201468719252055","86.8314286723168","0.0005941770647653","Module_12"
"PDGFA","116","0.00180496273654556","67.1718575134673","0.000585480093676815","Module_12"
"PPP1R3C","129","0.00208350124565447","122.14665276659","0.000596658711217184","Module_12"
"IL4R","127","0.00204296050284549","87.576333080037","0.000594530321046373","Module_12"
"SPHK1","127","0.00203732214975415","89.4105870660587","0.000594530321046373","Module_12"
"KLHL26","125","0.00199794455309871","78.8047147068425","0.000593824228028504","Module_12"
"MAP3K4","57","0.000755010048812554","78.6528520503597","0.000582072176949942","Module_12"
"SSBP3","118","0.00186418326673343","54.2616508753714","0.000586510263929619","Module_12"
"NKX3-1","67","0.00106334095197058","121.294996873662","0.000591715976331361","Module_12"
"SHROOM2","123","0.00197650172450371","65.5514152038312","0.000593119810201661","Module_12"
"NHS","88","0.00136759637121218","34.0847895522467","0.000556483027267668","Module_12"
"NFATC1","119","0.0018625771739686","69.6935677885025","0.000586854460093897","Module_12"
"F2RL1","78","0.00117165504751597","24.2446337851102","0.000552181115405853","Module_12"
"TENT5A","63","0.000812063811374188","98.9623483734469","0.000591016548463357","Module_12"
"MECOM","51","0.000580745532595547","101.229631207359","0.000578703703703704","Module_12"
"PITPNC1","121","0.00191179950596896","64.5697772929916","0.000591016548463357","Module_12"
"NR4A2","44","0.000514413545103346","1.40452194018782","0.000520020800832033","Module_12"
"CHRM2","112","0.00233221609949564","158.955148436549","0.00065402223675605","Module_13"
"CPED1","115","0.00353285368147899","1118.98381507425","0.000672043010752688","Module_13"
"DSEL","96","0.0062682983643422","1950.11864336475","0.000691085003455425","Module_13"
"SNX18","114","0.00300688791372977","786.120517936838","0.000670690811535882","Module_13"
"PRRX1","109","0.00230590362590905","114.673388208187","0.000652741514360313","Module_13"
"PRKCA","113","0.00240568963410629","273.119867269465","0.000654450261780105","Module_13"
"CPEB2","76","0.00457773685878968","820.361546735515","0.000680272108843537","Module_13"
"IGF2BP3","66","0.0454244808538738","10007.3909029357","0.000735835172921266","Module_13"
"NRP1","110","0.00232223634807116","117.022630221473","0.00065359477124183","Module_13"
"CCDC50","103","0.001963048366365","59.3170002794241","0.0006265664160401","Module_13"
"CAMK2D","54","0.00798916294654364","3248.48364781015","0.000706713780918728","Module_13"
"CDC42EP3","106","0.00196503211429838","44.9050330361977","0.000627352572145546","Module_13"
"PCDH18","66","0.00410903614093057","486.977013133953","0.000675675675675676","Module_13"
"FGD4","61","0.00146524276834185","130.015892410045","0.000619195046439629","Module_13"
"ELK3","36","0.00286358533281282","139.864581445086","0.00065359477124183","Module_13"
"DENND10P1","98","0.00184081915639737","39.5653902689834","0.000623830318153462","Module_13"
"CDC42EP3P1","78","0.00306887927533724","456.509719063252","0.000681663258350375","Module_13"
"LIX1L","90","0.00168967994515987","1.76812348815875","0.000591016548463357","Module_13"
"PRKAR1AP1","92","0.00257775322392407","329.805822913676","0.000661813368630046","Module_13"
"TBCK","76","0.00234263743099183","176.082637283868","0.000650195058517555","Module_13"
"VCPIP1","52","0.0848023849893612","1408.42544273941","0.000701262272089762","Module_13"
"NBEA","81","0.00311824152211557","637.257787374149","0.000685400959561343","Module_13"
"LINC00674","91","0.00256207925284857","297.026185461369","0.000658761528326746","Module_13"
"WASF3","13","0.000580151672969918","1.04121313590236","0.000562429696287964","Module_13"
"WDR19","90","0.00167438159588892","0.789105812840501","0.000591715976331361","Module_13"
"SNAI2","88","0.00164397400933393","0.778236247623109","0.000591016548463357","Module_13"
"PLAG1","48","0.0846733992669601","694.435482285438","0.000698812019566737","Module_13"
"SEC22B3P","13","0.00548831687751693","19.250025613509","0.000637348629700446","Module_13"
"SEC22B2P","13","0.00548831687751692","19.250025613509","0.000637348629700446","Module_13"
"FMN2","84","0.00153479010727374","0","0.00057372346528973","Module_13"
"PPP1R21","87","0.00163044369027364","0.653337127179239","0.000589622641509434","Module_13"
"SATB1","82","0.00150505431763639","0","0.000572409845449342","Module_13"
"RUNX2","4","0.000111665168272327","0","0.000520562207183758","Module_13"
"FNIP1","36","0.0635202549833719","179.176589975845","0.000672947510094213","Module_13"
"NPEPPS","14","0.00548176997099033","116.275253249986","0.000638569604086846","Module_13"
"PDPK1","12","0.007171627138201","36.6035282069107","0.000641848523748395","Module_13"
"MTCO1P2","80","0.00146285933406076","0","0.000560538116591928","Module_13"
"ARL2BP","90","0.00170685170779113","1.10383562537285","0.000593119810201661","Module_13"
"YWHAG","87","0.454402204820548","8.13245815618742","0.000610873549175321","Module_13"
"NOP56","97","0.528572626728312","10.9279363844368","0.000617665225447807","Module_13"
"KRTAP2-4","11","5.42072064450541e-05","13.8390740453274","0.000497017892644135","Module_14"
"KRTAP2-2","12","7.00833995513252e-05","20.1528672221531","0.000500751126690035","Module_14"
"KRTAP2-1","12","7.00833995513252e-05","20.1528672221531","0.000500751126690035","Module_14"
"KRTAP2-3","7","1.37154464197021e-05","0.339095336534608","0.000434593654932638","Module_14"
"FOSL1P1","37","0.000455622738248097","305.005226122052","0.000548245614035088","Module_14"
"FOSL1","6","9.33824967067125e-06","0","0.000427350427350427","Module_14"
"PRAG1","0","0","0","NaN","Module_14"
"FZD2","42","0.000705982764263353","0","0.00053134962805526","Module_14"
"BCAR3","63","0.00111674555627292","0.292968525091397","0.000553403431101273","Module_14"
"SEC14L1","78","0.00139924095069362","0.77215698815113","0.000558971492453885","Module_14"
"NAMPT","30","0.145750020486376","1753.67155580744","0.00066006600660066","Module_14"
"CTH","20","0.00187000316437017","3477.48469948718","0.000628930817610063","Module_14"
"NAMPTP1","24","0.121529101009144","1513.55329500483","0.000649350649350649","Module_14"
"OSR1","45","0.000666677951849335","178.978446093589","0.000526592943654555","Module_14"
"PRDM1","19","0.000126851994819018","95.8435537385401","0.000533049040511727","Module_14"
"PTPRE","41","0.000486537278003292","20.8470857004981","0.000570776255707763","Module_14"
"AGFG2","54","0.000799807441708653","0","0.000566893424036281","Module_14"
"DVL2","5","3.98134696374408e-05","0","0.000471475719000471","Module_14"
"MVK","0","0","0","NaN","Module_14"
"AREG","3","1.38754032721374e-05","0","0.000470145745181006","Module_14"
"FZD7","0","0","0","NaN","Module_14"
"RYBP","86","0.369954435466496","14.3107143508476","0.000668449197860963","Module_14"
"FOSB","16","0.00010259126538804","83.6472132611734","0.000532197977647685","Module_14"
"ATP8B1","2","8.17590490389283e-05","0","0.00043010752688172","Module_14"
"TMEM87A","21","0.0847407379320543","0.437941875142998","0.000620732464307883","Module_14"
"TRAK1","79","0.00145018408964446","0.205874099041065","0.000558971492453885","Module_14"
"FRY","2","8.17590490389295e-05","0","0.00043010752688172","Module_14"
"NR3C2","16","0.000292733994836039","0","0.000515463917525773","Module_14"
"JCAD","66","0.00116159667699918","0.302653492707828","0.000554323725055432","Module_14"
"GRB10","0","0","0","NaN","Module_14"
"RBMS2P1","0","0","0","NaN","Module_14"
"AMMECR1L","0","0","0","NaN","Module_14"
"CBX7","0","0","0","NaN","Module_14"
"ZFAND5","73","0.361672537392531","0.815905950791931","0.000634517766497462","Module_14"
"ACVR1B","40","0.000678452239864105","0","0.000525210084033613","Module_14"
"MAMSTR","73","0.00121852000077967","1.0485830897594","0.000556483027267668","Module_14"
"ELMO2","61","0.00102206312163761","0.256437261089719","0.000552181115405853","Module_14"
"RIPK2","8","5.45360108393298e-05","0","0.000474833808167142","Module_14"
"PIK3R1","24","0.000236993244416419","0.0405192761605035","0.000509424350483953","Module_14"
"SASH1","5","0.0122889619898298","1100","0.000563380281690141","Module_14"
