"","MCC_score"
"CHRNA3",6.54411526016444
"RIMS2",6.54303007716391
"GNG4",6.53382195411745
"SOX2",6.52623357852939
"PPM1E",6.52219851391527
"INA",6.52062487409063
"NEFM",6.50396474008289
"SNAP25",6.49906381939069
"BEX1",6.49799622855419
"FEN1",6.4925906792192
"ADCY1",6.48986790795629
"DPYSL5",6.48238580826779
"GFI1",6.48121820265099
"INSM1",6.48027113154498
"SCG3",6.47938927875182
"ELAVL2",6.47205505147985
"ELAVL4",6.46794017813835
"NAPB",6.46729905700616
"LRP8",6.45973408288462
"DPYSL4",6.45906452305592
"KCNH6",6.45455836493036
"MCM6",6.44635710841853
"CELSR3",6.44442959842819
"ENO2",6.4403571435792
"ASPHD1",6.4396038205635
"RUNDC3A",6.43505782340727
"SYT13",6.43448580471707
"CDH2",6.42722837713369
"RNF157",6.42350351253016
"ASRGL1",6.42322472014184
"KCNC1",6.4159481463634
"NEFH",6.41321047479745
"COL9A2",6.41199579327786
"RASD2",6.41122667304581
"CNTN2",6.40919157138312
"SYT1",6.40823614395542
"PARP1",6.4075849252055
"GDAP1",6.4044658263257
"UBE2S",6.39906368326319
"MPHOSPH9",6.39872868680072
"SEPTIN3",6.39593624920512
"RBFOX1",6.39360020510661
"LHX3",6.39245610389683
"SLC20A1",6.3918667655423
"NRXN3",6.3910508160266
"GPRIN1",6.39038950846321
"PAFAH1B3",6.3895001055146
"MCM2",6.38645350860895
"CDCA5",6.38464375422973
"STMN1",6.38246385469945
"FANCI",6.38245193751036
"NETO2",6.37992246864882
"TMEM178B",6.3778714235425
"CDKN2A",6.37518835075966
"NRSN1",6.37505556024251
"BUB1B",6.37460236654274
"RNASEH2A",6.37354005648406
"MARCKSL1",6.37168624464126
"SBK1",6.37107393126963
"CCNE2",6.36997068983984
"TYMS",6.36812575741703
"CCP110",6.3675922410369
"SPSB4",6.36707521945933
"APLP1",6.36685277668411
"MYEF2",6.36675106511635
"HES6",6.36649957836313
"ISL1",6.36555002787433
"FGF12",6.36385343681798
"MTHFD2",6.36273876176427
"CAMK4",6.36209403782743
"TMEM121B",6.36197340619307
"MLLT11",6.35719257484886
"CENPV",6.35694415156533
"DPY19L2P2",6.35515600462027
"GINS2",6.35217424158516
"DTL",6.34751702766482
"E2F7",6.34742539355776
"LONRF2",6.34667668899497
"MAP7D2",6.34533177379114
"KIF5C",6.34118588188204
"MYO15A",6.34010768739128
"DYNLT1",6.33514794587167
"MIAT",6.33493207582976
"LINC00205",6.33321934487939
"CENPO",6.3325811869781
"MYT1",6.33226658910764
"SOX12",6.32989602399652
"RHBDL3",6.3291813098451
"SH3GL2",6.32873171199914
"MDC1",6.328701771881
"CDC45",6.32646394006603
"CYFIP2",6.32034519878708
"PCLO",6.31830975294087
"CRYBA2",6.3124132616557
"TBC1D30",6.30917961090561
"NHLH1",6.30887172808125
"ABI2",6.30811984405508
"TIMELESS",6.30600839145781
"SEZ6L",6.30574582363652
"HNRNPL",6.3042267299314
"PHF21B",6.30377919494247
"EFR3B",6.30223665057512
"NCAPG",6.30139459088356
"E2F3",6.30122656704536
"TMEM108",6.300996698823
"JPT1",6.30083768196203
"PPM1G",6.30034022806459
"POU4F1",6.29928231924728
"CACNA2D2",6.29709913846021
"NUP210",6.29631253105852
"CCNE1",6.29502764034722
"UBE2T",6.29485700213904
"ADD2",6.29483768756653
"ACTL6B",6.29452960264018
"DDX25",6.29433368478644
"DGKD",6.29349357197318
"CELF4",6.29239344785202
"RAB26",6.29218922171699
"HMGN2",6.29031508104481
"RRM2",6.2897802789544
"DNAJC6",6.28901124734612
"CBX2",6.28745743355077
"AP3D1",6.28208605303279
"ESPL1",6.28193340346954
"TRIP13",6.28144086173958
"NCAPG2",6.28096083678813
"BRIP1",6.27864070261714
"CDK5R1",6.27857355522609
"DEPDC1",6.27783517794154
"NEK2",6.27680987371039
"NIM1K",6.27628294136519
"CDC25A",6.27321388557058
"CTPS1",6.2702206875413
"LPCAT1",6.26855014022772
"DACH2",6.26809769555909
"ONECUT2",6.26714667806468
"FOXM1",6.26710724536727
"CDC6",6.26517968523775
"BUB1",6.26305901936581
"NEXMIF",6.26254515298277
"DIRAS1",6.26193189537792
"UNC80",6.25908049245155
"LBR",6.25898412896794
"TCEAL2",6.25888161571963
"SEL1L3",6.25884319114088
"FIGNL1",6.25881583317123
"AURKA",6.25808960327741
"SCAMP5",6.2579296492003
"ZWINT",6.25479080882483
"TMEM74",6.25455795728088
"DLGAP5",6.25449152942022
"FSD1",6.25339139473844
"CRMP1",6.25260422800695
"CDC7",6.25158813130446
"MANEAL",6.25118027347024
"HJURP",6.25057597239826
"SPECC1L",6.25044047436924
"GINS1",6.2478994610437
"TMED8",6.24639605963883
"LIG1",6.24612539471241
"NRCAM",6.24577833727154
"NAA40",6.24547972121369
"TMEM206",6.24475388303896
"PCNT",6.24290822450718
"MDK",6.24224917339118
"NUF2",6.24095839225119
"PLEKHA6",6.24039369878304
"CHGB",6.23771151852742
"H2AFX",6.23689407692398
"MCM10",6.23647321187035
"NEFL",6.23559442533047
"MKI67",6.2353739516597
"KIF4A",6.23443869433716
"DUT",6.23435176259765
"FZD3",6.23390955094301
"CHRNA1",6.23366150144224
"SNRPG",6.23104938054488
"UBE2C",6.23103782867022
"KIF20A",6.23074052332054
"DTYMK",6.23015661416833
"GTSE1",6.22939733426467
"STX1A",6.22936579158218
"UHRF1",6.22854196290784
"DUSP26",6.22850158869632
"TRMT5",6.22826354127955
"FBXO5",6.22822897892723
"TNIK",6.22789223541138
"KNL1",6.2269770596427
"HSBP1",6.22487441781574
"DDX39A",6.22400324685839
"ALYREF",6.22227898716837
"PRR3",6.22202766367683
"FAM184A",6.22108472995045
"KIF14",6.22101102198372
"BRINP1",6.22050111446058
"STMN3",6.22029571257065
"OLFM1",6.22019417712667
"LYSMD2",6.21991740517648
"EEF1A2",6.21944724996239
"CENPE",6.21776538388047
"KCNQ3",6.2161873281358
"TBP",6.21609347230518
"GPR158",6.21505420894885
"SKA2",6.21452467441932
"ATF5",6.2141723392039
"RMI1",6.21330629069966
"STXBP5L",6.21205375561592
"ATP8A1",6.2115872488887
"MCM4",6.21151350684162
"GPR173",6.20994818524193
"CKS2",6.20981851986321
"SOWAHA",6.20890862484638
"KCNMB2",6.20855111397335
"RBM24",6.20588598962386
"GPR137C",6.20513232955429
"CENPM",6.20511061811782
"SEZ6L2",6.20385340991351
"SRSF12",6.20353570645295
"UCHL1",6.20311500952449
"JPH1",6.20146810768236
"MESP1",6.20129069511346
"SPAG5",6.20096419099317
"TIGD3",6.19931600791621
"CCNB1",6.199310717786
"RFC4",6.19885586166667
"BAZ1B",6.19875725407426
"PAX5",6.1985763840824
"ST8SIA3",6.19847384174746
"KCNMA1",6.19831765554462
"RTL6",6.19828529286012
"DNA2",6.19772973123291
"CECR2",6.19733059856167
"ATRNL1",6.19563506761808
"CABLES2",6.19535943110759
"MCM7",6.19514657465791
"ELOVL2",6.19333858293309
"UNC13A",6.19296608907244
"PASK",6.1924162497956
"POLE",6.19234641410163
"BIRC5",6.19203257900511
"DNMT3A",6.19069675854852
"HEPACAM2",6.1897300872884
"PHYHIPL",6.18791062025012
"RAB15",6.18703237746502
"MPPED2",6.18565616783646
"CHN1",6.18549454517357
"FMN2",6.18512575724582
"NAT14",6.18441913846186
"LHFPL4",6.18426268931408
"DCX",6.18382469085707
"BEND5",6.18330399410592
"IGF2BP3",6.18178972104536
"RAD51AP1",6.18159047165596
"EEF1E1",6.18047917783949
"NUP62CL",6.1803139666388
"REXO5",6.17961410504092
"AMER2",6.17822326415195
"NDC80",6.17757375545362
"FNDC5",6.17749672485855
"BCL2L11",6.17597597413657
"DISP2",6.17409341250314
"CCNB2",6.17359891412195
"SHC2",6.17217792799627
"POU4F3",6.17102965814437
"UHRF1BP1",6.17067228559587
"ZNF678",6.16915360407314
"SLIT1",6.16810979101786
"PATZ1",6.16779093164506
"YPEL1",6.16697474732297
"MELK",6.1668538209334
"WDR54",6.16658981383421
"ANO5",6.16655679935233
"CACNA1A",6.16638796892317
"IGFBPL1",6.16585769059267
"PRR11",6.16525954521183
"PIMREG",6.16497970439835
"KIF18B",6.16451039867991
"CHST9",6.16358771281503
"NOL4L",6.16279787040073
"FAXC",6.16267859415054
"TOP2A",6.16155381907897
"KNTC1",6.1593666698379
"DNAAF3",6.15904720274006
"BEX2",6.15879400173984
"CHGA",6.15749467129965
"ATP2B2",6.15708636782897
"BEX3",6.15687406901106
"PRTFDC1",6.15549927468901
"SVOP",6.15508066319532
"FBXO41",6.15492901681412
"CPLX1",6.15479271879592
"DIAPH3",6.15290915839644
"APBA2",6.15204971655761
"TBC1D24",6.15156960476727
"CDH24",6.14626298666214
"SSX2IP",6.14598791236144
"ORC6",6.14309515189625
"TTLL7",6.14290005909898
"MYBL2",6.14043107424883
"ASF1B",6.13686402605476
"CBX3",6.13490334567884
"PRC1",6.1339459629747
"CACNA1B",6.13371081517793
"TBC1D31",6.13175161980926
"CDCA8",6.13116563154207
"NPTXR",6.12842890740072
"TCF19",6.12737416929293
"TMEM132A",6.12736155423134
"FSD1L",6.12475763482126
"FBLL1",6.12414618224818
"NOL4",6.12318711676127
"TOP3A",6.12295528944933
"SMC4",6.12256459120548
"SYT4",6.12233391906648
"E2F1",6.12212763424046
"QSOX2",6.12182705244341
"RABL6",6.12144320293593
"KCNN2",6.119920005751
"ORAI2",6.1189130386786
"ROGDI",6.11890260133551
"AP3B2",6.11881130810915
"PAQR4",6.1182211445788
"UNC5A",6.11707318024077
"SALL2",6.11700150314422
"ELAVL3",6.11671493291431
"TMEM198",6.11647705512372
"FAM155B",6.11576925437004
"POLD3",6.11524958294482
"PHC2",6.11486052676952
"NARF",6.11111980992609
"PLEKHG4B",6.11096975078474
"ASTN2",6.11037150770913
"OTUD3",6.10626967845914
"XPO6",6.10549470803302
"RTTN",6.10449312403989
"MYBL1",6.0994728338973
"OIP5",6.09930098349075
"CACNB3",6.09874650272859
"DONSON",6.09793095150912
"ILDR2",6.09780540918835
"ACVR2B",6.09469263158798
"ODC1",6.09379079079565
"CCNA2",6.09368164395537
"NEIL3",6.09253733752161
"NLK",6.09240527571674
"PCP4",6.09210782206168
"PTTG1",6.09171161188875
"CSNK1G2",6.09130294490413
"DPP10",6.08999698222465
"POLE2",6.08916550207845
"ANK1",6.08708123820084
"TBCB",6.08626594455671
"GJC1",6.08337675424623
"ARNT2",6.08296274008266
"CAMK2N2",6.08277480526034
"SULT4A1",6.08174955465213
"SNRPE",6.08094095004862
"TOR2A",6.08073343662024
"RAD51C",6.07931468702104
"FAM222A",6.07902913587513
"RFPL1S",6.07839292118162
"FLJ42351",6.07561747780517
"FLJ37453",6.07468426321539
"WASF1",6.07434759296074
"SCN8A",6.07057353825986
"UCP2",6.07034192012938
"TMPO",6.06937228758077
"PSMC3IP",6.06916824131754
"CHST8",6.06763297975033
"DHFR",6.06694022513974
"CASKIN1",6.06686926939098
"RAD54B",6.06653063181649
"HMMR",6.06496997535091
"SLC25A19",6.06262679271312
"TMEM120B",6.06227304372212
"CLSPN",6.06177446736867
"CDKN2C",6.06151531183534
"KIF26A",6.06118308405553
"NCAPH",6.06084995434575
"TCERG1L",6.06059200233285
"RAB3IP",6.06007640497203
"LMNB2",6.05907142302736
"TENM4",6.05657298784872
"MEX3A",6.05629702652759
"SMKR1",6.05597672039747
"TRIM37",6.05535138746203
"CADPS",6.05419484619148
"TACC3",6.05322413085922
"TANC2",6.05311133610252
"CHD2",6.05283922252651
"UNC79",6.05161779290376
"TPBGL",6.05136536928815
"PCNA",6.04999547159163
"KPTN",6.04982810889693
"FANCL",6.04767189421023
"EIF5B",6.04611401886919
"FBXL16",6.04581110251649
"NCAM1",6.04541628616983
"CARHSP1",6.04483125518082
"ATP6V0E2",6.04476108023897
"FANCC",6.04459355992318
"SOX11",6.04353264659504
"CEP85",6.04278282193959
"NEURL1",6.04147445272055
"URB2",6.03728550581361
"PSRC1",6.03673161407686
"CACNA1D",6.03565587209784
"PRKCA",6.03514437783858
"METTL4",6.03214053154346
"MAP1S",6.03122931171511
"ZNF324",6.03028603522695
"CHAF1A",6.02960355243519
"KIF18A",6.02898974036464
"PLEKHG4",6.02839039877752
"EIF4EBP1",6.02805078835967
"KIF2C",6.02741129009689
"GABRB3",6.02665049618379
"SATB1",6.02497588357382
"CSRNP3",6.02279808312814
"FCHSD2",6.02049091304481
"SNRNP25",6.01968084020989
"EZH2",6.01967412115699
"ASPM",6.01934865441184
"PAX6",6.01882497824185
"MCM5",6.01717994065008
"RBM38",6.01669156701977
"CCDC15",6.01668765936882
"RMI2",6.01657566828827
"KSR2",6.01652407889705
"SUGP2",6.01585078775818
"CENPK",6.01565166734909
"CEP78",6.01562867085354
"NINL",6.01499238421558
"CCDC88C",6.01496144148778
"TRO",6.01405940329094
"BAHCC1",6.01263588133445
"CENPX",6.01202647301895
"GNAO1",6.01170717897894
"RAB36",6.01157681253226
"CDC20",6.01030128370029
"WDHD1",6.01013656471527
"DLX4",6.00971980130082
"TXNRD1",6.0073015124677
"CKAP2L",6.00720821327438
"PARD6A",6.00643277000546
"WDR34",6.00602824757525
"NT5DC3",6.0051104918682
"PRR36",6.00436638522056
"ZNF711",6.00329092710986
"MYL6B",6.00254995613968
"SPC25",6.00202675371241
"B4GALT6",6.00058674148144
"HDAC9",6.00039222283046
"C9orf40",5.99979681723005
"NREP",5.99904623262064
"CABP7",5.99890839610359
"ZNF605",5.99790556045288
"TTC28-AS1",5.99716443348548
"PGM2L1",5.99623192762951
"ZNF48",5.99610455239156
"ASH1L-AS1",5.99581549022782
"TMEM136",5.99503983693002
"TMEM151B",5.99378799822016
"ZDBF2",5.99361631192258
"TPX2",5.99301882311799
"EPB41",5.99048699783412
"NCAPH2",5.98917622743777
"LOXL3",5.98912060878889
"ZNF550",5.98898336211122
"CDC25B",5.98864767402082
"GOLGA2P5",5.98825857034288
"CBFA2T3",5.98687128125693
"CEP55",5.9856824834418
"METTL21A",5.98174549379694
"KCNJ4",5.98106389144376
"ZNF569",5.98083734157695
"KIAA0895L",5.97996764300326
"SLC17A6",5.97994945498912
"CDK19",5.97960421168693
"SDC3",5.97936975046084
"XPOT",5.97886448768778
"TTK",5.97866369197175
"GRIN2D",5.97841297176627
"HAUS5",5.97682922281187
"SLC35D3",5.97658850614786
"CALN1",5.97658632631128
"PSMG3",5.97655333845911
"FAM78B",5.97621277702538
"TOX",5.97612178653462
"FAM216A",5.97588008353889
"PEX5L",5.97544043046303
"ZSCAN16-AS1",5.97469033130834
"GPSM1",5.97444725034334
"SLIRP",5.97373920383312
"YEATS2",5.97314997247448
"DTX3",5.97304129758837
"COQ10A",5.9716841659617
"ZNF519",5.97150751703733
"RCOR2",5.97148652681806
"WDR76",5.9704408096349
"ALDH3A1",-5.84778476147486
"DCN",-5.85138135797633
"TPSB2",-5.85204325873845
"ZBTB7C",-5.85480686567183
"CEBPA",-5.85641712435892
"TMEM79",-5.85730207158471
"RAB3D",-5.8583402862169
"ACKR4",-5.85916122948759
"CDC14B",-5.8593504642352
"PPTC7",-5.86045590387364
"LYPD3",-5.86061766446334
"EPHB3",-5.86104461487084
"LIPH",-5.86203331942678
"ACADL",-5.86250893887802
"CROT",-5.86275891958551
"MALAT1",-5.86306870806517
"ALDH2",-5.86314218362879
"MAP3K2",-5.86370743996177
"SPRY1",-5.86377587571164
"APOD",-5.86434728158271
"WDR1",-5.86612404973954
"TWF1",-5.86639027237292
"OMD",-5.86707207026435
"FGFR2",-5.86736009693545
"DSG3",-5.86928719683964
"CHP1",-5.87070839933561
"ADGRG6",-5.87140785738915
"LPAR5",-5.8731006917248
"THRSP",-5.87373619464978
"LYVE1",-5.87387923451689
"ARFIP1",-5.87479705554848
"CNTN1",-5.87497005250769
"F10",-5.87500016092625
"NR3C1",-5.8751388859602
"ADTRP",-5.87538343365569
"MASP1",-5.87651328749291
"FCF1",-5.87695027530484
"ITGB5",-5.87710516858267
"EGLN3",-5.87812595824835
"SDR9C7",-5.87896384504805
"LGALSL",-5.87909617400325
"ANXA2P2",-5.87923607702565
"PTPN12",-5.88142323811496
"ANXA3",-5.88250150523742
"CLDN23",-5.88273876166812
"MFAP5",-5.88378320657188
"GAS7",-5.88531176883628
"SRPRA",-5.88536723696247
"CAPN3",-5.88538881970055
"FNDC3A",-5.88643485441296
"CD82",-5.88649352842784
"TNS4",-5.88660180642947
"SCYL2",-5.88676343891329
"CTTNBP2NL",-5.8877499637025
"MIR100HG",-5.88786367273562
"EHF",-5.88831083980487
"FGFBP1",-5.8886018880142
"TRAM1",-5.88860622300761
"PRRX2",-5.88865488991371
"SVEP1",-5.89043136136445
"ARHGEF37",-5.89065382956442
"KLK5",-5.89087820486645
"TMEM45B",-5.8910454714648
"DGKA",-5.89110314150912
"OSR1",-5.89326437752498
"RNF227",-5.89414258030154
"DDR2",-5.89458210908917
"PPP1R14C",-5.89645857388499
"DES",-5.89697062887302
"GDPD2",-5.89936262385807
"CLCA2",-5.89943988640577
"TRPS1",-5.89974694578968
"AHNAK",-5.90004798975048
"RETSAT",-5.90061826584394
"FAT2",-5.90139601378499
"TLR3",-5.9022867120934
"RNH1",-5.90385594783823
"TNFRSF19",-5.90462932041496
"PLEKHG1",-5.90735109256053
"FAM107A",-5.90865214201838
"REST",-5.91069526741324
"SLIT3",-5.91148900000193
"MFN2",-5.91266695862298
"SYPL1",-5.91280187285326
"EFEMP1",-5.91478077228323
"MGST2",-5.91568024563734
"PCDH7",-5.91708591088381
"LPAR6",-5.91853047364617
"TMEM30A",-5.9201579068908
"NECTIN4",-5.92031970978267
"LAD1",-5.92040942712696
"LINC00520",-5.92131302596534
"PICALM",-5.92369466626089
"SELENOP",-5.92375676785904
"ACTG2",-5.92532617281177
"JAK1",-5.9256418927253
"STYX",-5.92573411241227
"FRMD4B",-5.92595451847669
"DNMBP",-5.92642597159536
"DNAJB4",-5.92647223819268
"NOTCH2NLA",-5.92655499718878
"HPGD",-5.9268204411906
"PON2",-5.92747374206905
"LYPD5",-5.92793989361396
"CAB39L",-5.92970347118709
"SPTLC3",-5.92998449213219
"SOD3",-5.93058229955356
"TPSAB1",-5.93116064966471
"CAMSAP2",-5.93229580596198
"RAPH1",-5.93242581944805
"CLMP",-5.93260186636044
"TSPAN31",-5.93308933500009
"TGM5",-5.93392241347913
"IGFL2",-5.93409782862354
"KIF16B",-5.93440237494854
"EVPL",-5.93449230456838
"HSPB8",-5.93454971125021
"MAPKAP1",-5.93471311496438
"BTC",-5.93775299259879
"SPINK5",-5.93840781634983
"INPP5A",-5.9399520265694
"PDGFRA",-5.94009555202449
"DAB2",-5.94072971002965
"CD59",-5.94153394624264
"SMAGP",-5.94246261157764
"CGNL1",-5.94272501274714
"RNF39",-5.94310914781076
"PDZK1IP1",-5.94393100868347
"P3H2",-5.94418224879087
"MYOF",-5.94479775734868
"GPR157",-5.94621280047507
"LINC01279",-5.94645771356957
"TXNIP",-5.947057077345
"LRP10",-5.947588744086
"SOX9",-5.94781223068706
"SBSN",-5.94788669522995
"SGMS2",-5.94832103081065
"ME1",-5.94916513237885
"ZNF750",-5.94921683661894
"BAIAP2",-5.94995214301827
"CNGA1",-5.95024015508896
"PPP2R5A",-5.95140522399846
"CST6",-5.95160106917784
"POU2F3",-5.95179019863132
"PLXDC2",-5.95230994114064
"TMPRSS13",-5.95329440399374
"PSEN1",-5.95501339743042
"ADAM9",-5.95525371416245
"GAN",-5.95598142293322
"EDDM13",-5.95703598912266
"KLK8",-5.95727863476526
"EPHX2",-5.95992777202608
"ASAP3",-5.96018626452117
"ITGA2",-5.96095493540469
"IL1R2",-5.96137747558726
"IL18",-5.96164857537857
"CD55",-5.96208108366751
"OSR2",-5.96333248833749
"DNAJC3",-5.96371273296533
"LCE1B",-5.96386923041866
"LANCL1",-5.96447520555927
"PTGIS",-5.96450932774079
"GATM",-5.96794490965803
"LOC101927164",-5.96927009897918
"MAPK14",-5.96945605958994
"GREM2",-5.97009551294243
"PTGER3",-5.97067914002727
"KLC3",-5.97180750190469
"EPS8L1",-5.97258852325804
"STARD5",-5.97271727120155
"IFFO2",-5.97318231094829
"TCF7L2",-5.97327686060319
"CALML5",-5.97379622935016
"ADRB2",-5.97385285245906
"PMP22",-5.97436536557307
"WWTR1",-5.97496535367079
"RAB5A",-5.97802415498566
"PRSS3",-5.97811811945985
"RNF141",-5.97911549303986
"MRGPRF",-5.97920825385582
"KRT1",-5.97935699077355
"FABP7",-5.97979272162647
"WNT2B",-5.98121005184103
"YAP1",-5.98308047164757
"PPP1R13L",-5.98388407959856
"CAT",-5.98436031601486
"PLAC9",-5.9854439968688
"C19orf33",-5.98652924956339
"AOX1",-5.98662233010289
"VSNL1",-5.98748156785673
"PLCD1",-5.98778049846537
"FBLN5",-5.98810861015146
"ECM2",-5.98846496586359
"CTSV",-5.98870649767401
"KLK10",-5.98911329984506
"OVOL1",-5.98919821371267
"EPPK1",-5.98990272836851
"EDN1",-5.99065749392316
"KRT15",-5.99087469771291
"RNASE7",-5.99159071337328
"SP1",-5.99172074932967
"PSORS1C2",-5.99200149176217
"JDP2",-5.99235255690967
"BAG3",-5.99545509216235
"FAM83B",-5.99583127614033
"GRHL3",-5.99639488122654
"KRT80",-5.99722974780976
"IDE",-5.9975235666389
"ARG1",-5.99914067387924
"ATP2C2",-5.99962599609104
"IL1RAP",-6.00007964952505
"CCND1",-6.0001136779191
"ZDHHC5",-6.00103039141117
"SEMA3G",-6.00162957534039
"SNED1",-6.00336338132158
"EREG",-6.00381711063848
"CWH43",-6.00545832287283
"MEDAG",-6.00563063618027
"ACPP",-6.00567353139512
"IL17RD",-6.00596791665441
"HSPB2",-6.0062566133933
"LY6D",-6.00649095621891
"KIF1C",-6.00893149099833
"LPAR1",-6.00919130877096
"DDX42",-6.00924525395508
"RAB38",-6.00965917401855
"ASPRV1",-6.01076824222614
"BPIFC",-6.01140863871261
"LYNX1",-6.01201289016311
"NTN4",-6.01377454779995
"SCUBE2",-6.01455320737817
"TACSTD2",-6.01496015492891
"HS3ST6",-6.01588382075116
"CPQ",-6.0184082195503
"SLC9A9",-6.01849044335695
"ANKRD35",-6.02019462019686
"SLC25A43",-6.02030206360801
"SOWAHC",-6.02076907353253
"QSOX1",-6.02123293629584
"CLIC3",-6.02221040613157
"GXYLT2",-6.02369387981816
"BACE2",-6.02584226596709
"RARG",-6.02604613230856
"THBD",-6.02633204714166
"MITF",-6.02730761474014
"CPNE3",-6.02844481455842
"PROS1",-6.02961860017133
"ZFP36L1",-6.02966159414094
"HCAR3",-6.03008274474925
"CHMP4C",-6.03057342971967
"CAV2",-6.03225765557441
"AQP9",-6.03321554311235
"CLU",-6.03452406804733
"JAG1",-6.03515713356723
"PSD4",-6.03536773097071
"FLG",-6.03826052215328
"XG",-6.03965970705289
"TMOD3",-6.04030742111943
"WIF1",-6.04127396981896
"ITPRID2",-6.04146832487872
"AVPI1",-6.04500368515201
"UBE2H",-6.04613910126231
"INAVA",-6.04860354373146
"RALB",-6.04944009307615
"ABCA12",-6.04957324009795
"CILP",-6.04967383574745
"PLN",-6.05004942738574
"MLANA",-6.05088221846867
"CES1",-6.05091726751609
"EPHX3",-6.05093689843756
"HOPX",-6.05143942873195
"PTGES",-6.05365544153958
"METRNL",-6.05526245950924
"GJB5",-6.0556593031075
"MID2",-6.05719394427901
"CD46",-6.05842164608676
"PIK3R1",-6.06051633183757
"GSTM5",-6.06081299492617
"COPA",-6.06152735779017
"CCDC6",-6.06305931806839
"TPD52L1",-6.06326896377215
"ATP1A2",-6.06440845475505
"MAPK1",-6.06497482179367
"SLC46A2",-6.06502881721294
"RAB7B",-6.06589729537244
"RORA",-6.06757593582885
"EGR3",-6.06778399652989
"CCBE1",-6.06940949930523
"CD207",-6.07009826895931
"SNX21",-6.07197498426856
"COBLL1",-6.07382389093759
"FLG2",-6.07565278841025
"PSAPL1",-6.0763691996212
"ERBB2",-6.07808249807402
"C1S",-6.07834410472098
"ACER1",-6.07926921490162
"CPED1",-6.07963198909563
"AZGP1",-6.08145615113758
"TMEM159",-6.08165020930073
"CP",-6.08213892838742
"AKR1C3",-6.08218109703807
"TYRP1",-6.08645267855063
"CCN5",-6.08891372193154
"FGD4",-6.09035713225743
"ERLIN1",-6.09117298059497
"CDSN",-6.09239336370745
"PTPN21",-6.09328482063083
"CAPNS2",-6.09346449738426
"CCN3",-6.09519176903898
"PAMR1",-6.09645119631338
"TM4SF1",-6.09700803346199
"HIPK3",-6.09706534016529
"PRRG4",-6.09738236547072
"PPARGC1A",-6.09831120580743
"ITGA6",-6.09832425578553
"COL17A1",-6.0988563181193
"LOR",-6.09978959634965
"LINC00302",-6.1000641463063
"DSTYK",-6.10097797901734
"KY",-6.10198244613182
"C6orf132",-6.10225545883624
"PLCD3",-6.10238870175843
"LPP",-6.10360902911655
"BCL6",-6.10477227122815
"KRT10",-6.10705844000873
"VIT",-6.10763776945639
"DST",-6.10848095892376
"SLURP1",-6.10853644450595
"MBNL2",-6.10862479197243
"KLK7",-6.10863101948708
"SCGB2A2",-6.10869907965152
"FAM83C",-6.10987873480862
"ANGPTL1",-6.11018707422165
"PLA2G4A",-6.11078509302493
"TPRG1",-6.11191942222724
"AADACL2",-6.11483981745343
"CAST",-6.11525965306089
"LMOD1",-6.11593654596289
"DMKN",-6.11620905009278
"GSN",-6.11643756871129
"HPGDS",-6.11803252570868
"SLC39A2",-6.1204842776107
"PRELP",-6.12066273909903
"EPB41L4B",-6.12118933284888
"CRCT1",-6.12125659451497
"ALDH3B2",-6.12348942459016
"PTK6",-6.1243910378992
"EFCAB14",-6.12713474204296
"CA6",-6.13057151089231
"TGM3",-6.13178286113807
"PAFAH1B1",-6.13255213114161
"PDLIM5",-6.13438004866322
"SLAIN2",-6.13844097793827
"F3",-6.13897395424482
"THRB",-6.14016051379128
"FOXP2",-6.14050438458835
"PLEKHF2",-6.14191994523283
"MUCL1",-6.14374378089269
"CYBRD1",-6.14579625584233
"SDR16C5",-6.14590245602021
"CPA3",-6.14606019475885
"IL6ST",-6.14689819865923
"LRRN4CL",-6.1469684712875
"DKK2",-6.14761957918709
"PPL",-6.14778459728742
"MPZL1",-6.14822122235647
"GSTA3",-6.14883592757584
"CDH19",-6.14991504739414
"MAF",-6.15001606568152
"CXADR",-6.15005659526808
"GAL3ST4",-6.1506917744548
"WLS",-6.15086592374049
"KRT2",-6.15150273273992
"CDV3",-6.15205467606015
"SH3D19",-6.1525524555856
"SNAP23",-6.15277384105989
"UTRN",-6.1538021186071
"TGFBR3",-6.15462421510627
"SEC61A1",-6.15595241435119
"F2RL1",-6.15730257477064
"PRNP",-6.15890508415855
"DSG1",-6.15967853025971
"TENT5B",-6.16054168414053
"LAMB4",-6.16207811097486
"SOSTDC1",-6.1627847758907
"PPP2R3A",-6.16291613448192
"MFAP3L",-6.1634498638297
"ABCA8",-6.16423145785822
"DSC3",-6.16446788608989
"MAOA",-6.16505100235737
"GRTP1",-6.16602605328527
"PPP1R3B",-6.16722996949994
"IGFBP6",-6.16837926297348
"CD1A",-6.16885228898739
"RXRA",-6.16950907666604
"CD164",-6.17045825479264
"WFDC5",-6.17082274482094
"CLCA4",-6.17153486526887
"GATA3",-6.17257524857747
"RAI2",-6.17347232951683
"PLPP3",-6.17384791484905
"LCE2B",-6.17427638939337
"NUPR1",-6.17430048796932
"CERS3",-6.17626879277593
"C1orf68",-6.17780725260954
"SLMAP",-6.17782826622096
"DENND2C",-6.17844097960775
"PDGFRL",-6.17960258365876
"GRHL1",-6.18110053198999
"GJB3",-6.18188760300873
"AKR1C1",-6.18240026316372
"C5orf46",-6.18267630643762
"YBX3",-6.18442416385943
"KLF8",-6.18458239424897
"EXPH5",-6.18539052570491
"NIPAL4",-6.18611830692537
"ENDOU",-6.1874946970111
"FCER1A",-6.18902205265788
"CCL27",-6.19022095163394
"VAV3",-6.19028927542986
"CTSG",-6.19238979190272
"MAMDC2",-6.19372143135265
"ISM1",-6.19778677239149
"C2CD2",-6.20028238629421
"SYNPO2",-6.20127049345358
"PLP1",-6.20138582608927
"IL37",-6.20741896663734
"KLF4",-6.20862426296688
"NPY1R",-6.20951616679984
"IL20RB",-6.21056370923168
"LY6G6C",-6.21139234948567
"DSC1",-6.21685329286748
"PLLP",-6.21760895090509
"BBOX1",-6.21930824281949
"GPR87",-6.22060563399719
"BCHE",-6.22354316334667
"AKR1C2",-6.22534918268358
"AHCYL2",-6.22739336371245
"CLDN1",-6.22901775976906
"GHR",-6.22922004133335
"NXT2",-6.23138614004435
"CRYAB",-6.23340132855734
"PIK3C2G",-6.24005613806597
"ADH1B",-6.2430936499257
"DCT",-6.24317196644386
"RHBDF1",-6.24347696946675
"KRT23",-6.24426497035938
"PIK3C2A",-6.24651942550306
"DCD",-6.24743149940148
"IL20RA",-6.24798682041637
"UFM1",-6.24936078002489
"POF1B",-6.25063845520918
"TSPAN8",-6.25169407444462
"SERPINB7",-6.25353958828921
"PLSCR4",-6.25596728983678
"PIP",-6.25814966281399
"MATN2",-6.26266303451713
"SERPINB2",-6.26297084564881
"NDRG2",-6.26376663499531
"CAVIN2",-6.26596659531481
"ANO10",-6.2668096099482
"EGFR",-6.26984227570091
"KRT77",-6.26985625144908
"LINC01133",-6.27078379376147
"AQP1",-6.2715352134771
"CA12",-6.273342543129
"PROM2",-6.27403534401074
"C1orf116",-6.2751949602917
"PTPN13",-6.27625695516684
"FAXDC2",-6.27685004750526
"TP63",-6.27720999573111
"AGTR1",-6.28233729463847
"UEVLD",-6.28433763398638
"PLA2R1",-6.28560066671012
"MPP7",-6.28587161570963
"CLDN8",-6.29164304429313
"MUC15",-6.30402702449995
"NTRK2",-6.30994231538641
"PTGFR",-6.31128739728986
"SERPINA12",-6.31378673190713
"CFD",-6.31468173930967
"KLF3",-6.32129458768641
"TRAF3IP2",-6.32322225071064
"MYH11",-6.32619778398373
"SLC7A2",-6.32789527202642
"CHP2",-6.33014786863011
"SCEL",-6.3390873137556
"SCARA5",-6.3410032782432
"BNIPL",-6.3413752326918
"LRIG3",-6.34267848309336
"RNASE4",-6.34487937329433
"CNN1",-6.35660033864973
"CTNNA1",-6.36242010329482
"KLF5",-6.37667014020776
"NOTCH2",-6.39107991754313
"CYP4F12",-6.39882210597533
"GULP1",-6.40519960136104
"SEPTIN10",-6.44518774422584
"ANG",-6.45095663321099
"PALMD",-6.45943291837221
